{"Alabama": {"median_rent": 1508.0, "climate": {"1": {"avg_temp": 11.288888888888891, "avg_humidity": 69.62222222222222}, "2": {"avg_temp": 20.715384615384618, "avg_humidity": 72.18681318681318}, "3": {"avg_temp": 25.468478260869563, "avg_humidity": 79.65217391304348}, "4": {"avg_temp": 13.53913043478261, "avg_humidity": 70.34782608695652}}}, "Alaska": {"median_rent": 2018.0, "climate": {"1": {"avg_temp": -19.34111111111112, "avg_humidity": 61.233333333333334}, "2": {"avg_temp": -6.959340659340661, "avg_humidity": 81.52747252747253}, "3": {"avg_temp": -1.1695652173913043, "avg_humidity": 87.8804347826087}, "4": {"avg_temp": -15.871739130434781, "avg_humidity": 76.57608695652173}}}, "Arizona": {"median_rent": 2190.0, "climate": {"1": {"avg_temp": 11.065555555555559, "avg_humidity": 38.4}, "2": {"avg_temp": 24.618681318681315, "avg_humidity": 15.615384615384615}, "3": {"avg_temp": 26.464130434782597, "avg_humidity": 47.32608695652174}, "4": {"avg_temp": 12.41413043478261, "avg_humidity": 34.80434782608695}}}, "Arkansas": {"median_rent": 1354.0, "climate": {"1": {"avg_temp": 7.60888888888889, "avg_humidity": 70.97777777777777}, "2": {"avg_temp": 20.14835164835165, "avg_humidity": 69.63736263736264}, "3": {"avg_temp": 25.688043478260866, "avg_humidity": 75.1413043478261}, "4": {"avg_temp": 10.122826086956524, "avg_humidity": 75.8586956521739}}}, "California": {"median_rent": 3222.0, "climate": {"1": {"avg_temp": 13.246666666666668, "avg_humidity": 58.31111111111111}, "2": {"avg_temp": 27.82197802197801, "avg_humidity": 18.615384615384617}, "3": {"avg_temp": 29.66956521739131, "avg_humidity": 33.130434782608695}, "4": {"avg_temp": 16.222826086956527, "avg_humidity": 40.69565217391305}}}, "Colorado": {"median_rent": 2772.0, "climate": {"1": {"avg_temp": -7.066666666666664, "avg_humidity": 68.66666666666667}, "2": {"avg_temp": 9.202197802197801, "avg_humidity": 49.857142857142854}, "3": {"avg_temp": 15.589130434782604, "avg_humidity": 63.45652173913044}, "4": {"avg_temp": -1.2750000000000008, "avg_humidity": 50.05434782608695}}}, "Connecticut": {"median_rent": 2276.0, "climate": {"1": {"avg_temp": 0.551111111111111, "avg_humidity": 65.55555555555556}, "2": {"avg_temp": 13.225274725274724, "avg_humidity": 73.14285714285714}, "3": {"avg_temp": 20.858695652173918, "avg_humidity": 76.28260869565217}, "4": {"avg_temp": 6.58804347826087, "avg_humidity": 74.33695652173913}}}, "Delaware": {"median_rent": 2170.0, "climate": {"1": {"avg_temp": 3.9822222222222208, "avg_humidity": 65.33333333333333}, "2": {"avg_temp": 16.42087912087913, "avg_humidity": 69.05494505494505}, "3": {"avg_temp": 23.39565217391304, "avg_humidity": 71.31521739130434}, "4": {"avg_temp": 9.85434782608696, "avg_humidity": 70.56521739130434}}}, "Florida": {"median_rent": 2438.0, "climate": {"1": {"avg_temp": 19.622222222222216, "avg_humidity": 66.5}, "2": {"avg_temp": 24.354945054945055, "avg_humidity": 78.6043956043956}, "3": {"avg_temp": 27.333695652173922, "avg_humidity": 80.75}, "4": {"avg_temp": 20.856521739130425, "avg_humidity": 69.6086956521739}}}, "Georgia": {"median_rent": 2292.0, "climate": {"1": {"avg_temp": 11.274444444444445, "avg_humidity": 69.08888888888889}, "2": {"avg_temp": 20.2978021978022, "avg_humidity": 70.3956043956044}, "3": {"avg_temp": 24.851086956521737, "avg_humidity": 79.82608695652173}, "4": {"avg_temp": 13.734782608695651, "avg_humidity": 68.05434782608695}}}, "Hawaii": {"median_rent": 2854.0, "climate": {"1": {"avg_temp": 23.427777777777784, "avg_humidity": 78.25555555555556}, "2": {"avg_temp": 24.723076923076935, "avg_humidity": 76.1978021978022}, "3": {"avg_temp": 26.06413043478261, "avg_humidity": 76.98913043478261}, "4": {"avg_temp": 25.17065217391304, "avg_humidity": 76.40217391304348}}}, "Idaho": {"median_rent": 1594.0, "climate": {"1": {"avg_temp": -5.443333333333334, "avg_humidity": 73.75555555555556}, "2": {"avg_temp": 7.604395604395604, "avg_humidity": 60.0}, "3": {"avg_temp": 19.021739130434774, "avg_humidity": 46.97826086956522}, "4": {"avg_temp": -0.9173913043478269, "avg_humidity": 68.76086956521739}}}, "Illinois": {"median_rent": 2060.0, "climate": {"1": {"avg_temp": -2.0200000000000014, "avg_humidity": 69.08888888888889}, "2": {"avg_temp": 14.548351648351645, "avg_humidity": 67.6043956043956}, "3": {"avg_temp": 21.45869565217391, "avg_humidity": 70.45652173913044}, "4": {"avg_temp": 4.823913043478265, "avg_humidity": 65.97826086956522}}}, "Indiana": {"median_rent": 1604.0, "climate": {"1": {"avg_temp": -0.6411111111111109, "avg_humidity": 69.38888888888889}, "2": {"avg_temp": 14.627472527472534, "avg_humidity": 68.85714285714286}, "3": {"avg_temp": 21.418478260869563, "avg_humidity": 71.1195652173913}, "4": {"avg_temp": 5.638043478260869, "avg_humidity": 69.27173913043478}}}, "Iowa": {"median_rent": 1436.0, "climate": {"1": {"avg_temp": -6.052222222222222, "avg_humidity": 74.4}, "2": {"avg_temp": 13.01538461538462, "avg_humidity": 67.56043956043956}, "3": {"avg_temp": 21.46304347826087, "avg_humidity": 65.1086956521739}, "4": {"avg_temp": 1.705434782608698, "avg_humidity": 66.6304347826087}}}, "Kansas": {"median_rent": 1598.0, "climate": {"1": {"avg_temp": 1.297777777777777, "avg_humidity": 63.15555555555556}, "2": {"avg_temp": 17.84615384615384, "avg_humidity": 58.61538461538461}, "3": {"avg_temp": 24.9141304347826, "avg_humidity": 64.44565217391305}, "4": {"avg_temp": 5.971739130434786, "avg_humidity": 64.55434782608695}}}, "Kentucky": {"median_rent": 1468.0, "climate": {"1": {"avg_temp": 3.3511111111111127, "avg_humidity": 69.21111111111111}, "2": {"avg_temp": 16.254945054945047, "avg_humidity": 71.53846153846153}, "3": {"avg_temp": 21.892391304347832, "avg_humidity": 78.66304347826087}, "4": {"avg_temp": 8.114130434782613, "avg_humidity": 72.76086956521739}}}, "Louisiana": {"median_rent": 1690.0, "climate": {"1": {"avg_temp": 13.244444444444442, "avg_humidity": 71.0111111111111}, "2": {"avg_temp": 22.725274725274726, "avg_humidity": 71.89010989010988}, "3": {"avg_temp": 29.277173913043498, "avg_humidity": 64.71739130434783}, "4": {"avg_temp": 15.325, "avg_humidity": 67.8695652173913}}}, "Maine": {"median_rent": 1622.0, "climate": {"1": {"avg_temp": -4.748888888888889, "avg_humidity": 72.9}, "2": {"avg_temp": 9.926373626373627, "avg_humidity": 74.08791208791209}, "3": {"avg_temp": 18.700000000000003, "avg_humidity": 79.0}, "4": {"avg_temp": 3.719565217391303, "avg_humidity": 76.3804347826087}}}, "Maryland": {"median_rent": 2682.0, "climate": {"1": {"avg_temp": 3.8788888888888904, "avg_humidity": 64.63333333333334}, "2": {"avg_temp": 16.69010989010989, "avg_humidity": 69.17582417582418}, "3": {"avg_temp": 23.734782608695657, "avg_humidity": 68.57608695652173}, "4": {"avg_temp": 9.516304347826088, "avg_humidity": 70.19565217391305}}}, "Massachusetts": {"median_rent": 2512.0, "climate": {"1": {"avg_temp": -0.47000000000000003, "avg_humidity": 65.92222222222222}, "2": {"avg_temp": 12.432967032967037, "avg_humidity": 71.94505494505495}, "3": {"avg_temp": 20.21847826086957, "avg_humidity": 75.91304347826087}, "4": {"avg_temp": 5.894565217391304, "avg_humidity": 74.82608695652173}}}, "Michigan": {"median_rent": 1666.0, "climate": {"1": {"avg_temp": -4.414444444444446, "avg_humidity": 72.84444444444445}, "2": {"avg_temp": 11.358241758241757, "avg_humidity": 67.85714285714286}, "3": {"avg_temp": 19.59130434782608, "avg_humidity": 69.26086956521739}, "4": {"avg_temp": 3.525000000000001, "avg_humidity": 73.3695652173913}}}, "Minnesota": {"median_rent": 2080.0, "climate": {"1": {"avg_temp": -8.721111111111114, "avg_humidity": 71.13333333333334}, "2": {"avg_temp": 9.946153846153846, "avg_humidity": 65.79120879120879}, "3": {"avg_temp": 19.425, "avg_humidity": 69.31521739130434}, "4": {"avg_temp": -0.7543478260869552, "avg_humidity": 70.30434782608695}}}, "Mississippi": {"median_rent": 1456.0, "climate": {"1": {"avg_temp": 10.862222222222222, "avg_humidity": 70.72222222222223}, "2": {"avg_temp": 21.192307692307693, "avg_humidity": 71.07692307692308},